--
-- PostgreSQL database dump
--

\restrict r3L7nATEGbdlELTT9GsS6IqP9jGmW8cJ7hrZNPeGyHlts1qtQSrxDhd6a3jYQ0M

-- Dumped from database version 18.1
-- Dumped by pg_dump version 18.1

-- Started on 2026-05-04 12:38:27

SET statement_timeout = 0;
SET lock_timeout = 0;
SET idle_in_transaction_session_timeout = 0;
SET transaction_timeout = 0;
SET client_encoding = 'UTF8';
SET standard_conforming_strings = on;
SELECT pg_catalog.set_config('search_path', '', false);
SET check_function_bodies = false;
SET xmloption = content;
SET client_min_messages = warning;
SET row_security = off;

--
-- TOC entry 2 (class 3079 OID 17869)
-- Name: postgis; Type: EXTENSION; Schema: -; Owner: -
--

CREATE EXTENSION IF NOT EXISTS postgis WITH SCHEMA public;


--
-- TOC entry 6178 (class 0 OID 0)
-- Dependencies: 2
-- Name: EXTENSION postgis; Type: COMMENT; Schema: -; Owner: 
--

COMMENT ON EXTENSION postgis IS 'PostGIS geometry and geography spatial types and functions';


SET default_tablespace = '';

SET default_table_access_method = heap;

--
-- TOC entry 232 (class 1259 OID 18986)
-- Name: auth_group; Type: TABLE; Schema: public; Owner: postgres
--

CREATE TABLE public.auth_group (
    id integer NOT NULL,
    name character varying(150) NOT NULL
);


ALTER TABLE public.auth_group OWNER TO postgres;

--
-- TOC entry 231 (class 1259 OID 18985)
-- Name: auth_group_id_seq; Type: SEQUENCE; Schema: public; Owner: postgres
--

ALTER TABLE public.auth_group ALTER COLUMN id ADD GENERATED BY DEFAULT AS IDENTITY (
    SEQUENCE NAME public.auth_group_id_seq
    START WITH 1
    INCREMENT BY 1
    NO MINVALUE
    NO MAXVALUE
    CACHE 1
);


--
-- TOC entry 234 (class 1259 OID 18996)
-- Name: auth_group_permissions; Type: TABLE; Schema: public; Owner: postgres
--

CREATE TABLE public.auth_group_permissions (
    id bigint NOT NULL,
    group_id integer NOT NULL,
    permission_id integer NOT NULL
);


ALTER TABLE public.auth_group_permissions OWNER TO postgres;

--
-- TOC entry 233 (class 1259 OID 18995)
-- Name: auth_group_permissions_id_seq; Type: SEQUENCE; Schema: public; Owner: postgres
--

ALTER TABLE public.auth_group_permissions ALTER COLUMN id ADD GENERATED BY DEFAULT AS IDENTITY (
    SEQUENCE NAME public.auth_group_permissions_id_seq
    START WITH 1
    INCREMENT BY 1
    NO MINVALUE
    NO MAXVALUE
    CACHE 1
);


--
-- TOC entry 230 (class 1259 OID 18976)
-- Name: auth_permission; Type: TABLE; Schema: public; Owner: postgres
--

CREATE TABLE public.auth_permission (
    id integer NOT NULL,
    name character varying(255) NOT NULL,
    content_type_id integer NOT NULL,
    codename character varying(100) NOT NULL
);


ALTER TABLE public.auth_permission OWNER TO postgres;

--
-- TOC entry 229 (class 1259 OID 18975)
-- Name: auth_permission_id_seq; Type: SEQUENCE; Schema: public; Owner: postgres
--

ALTER TABLE public.auth_permission ALTER COLUMN id ADD GENERATED BY DEFAULT AS IDENTITY (
    SEQUENCE NAME public.auth_permission_id_seq
    START WITH 1
    INCREMENT BY 1
    NO MINVALUE
    NO MAXVALUE
    CACHE 1
);


--
-- TOC entry 236 (class 1259 OID 19005)
-- Name: auth_user; Type: TABLE; Schema: public; Owner: postgres
--

CREATE TABLE public.auth_user (
    id integer NOT NULL,
    password character varying(128) NOT NULL,
    last_login timestamp with time zone,
    is_superuser boolean NOT NULL,
    username character varying(150) NOT NULL,
    first_name character varying(150) NOT NULL,
    last_name character varying(150) NOT NULL,
    email character varying(254) NOT NULL,
    is_staff boolean NOT NULL,
    is_active boolean NOT NULL,
    date_joined timestamp with time zone NOT NULL
);


ALTER TABLE public.auth_user OWNER TO postgres;

--
-- TOC entry 238 (class 1259 OID 19024)
-- Name: auth_user_groups; Type: TABLE; Schema: public; Owner: postgres
--

CREATE TABLE public.auth_user_groups (
    id bigint NOT NULL,
    user_id integer NOT NULL,
    group_id integer NOT NULL
);


ALTER TABLE public.auth_user_groups OWNER TO postgres;

--
-- TOC entry 237 (class 1259 OID 19023)
-- Name: auth_user_groups_id_seq; Type: SEQUENCE; Schema: public; Owner: postgres
--

ALTER TABLE public.auth_user_groups ALTER COLUMN id ADD GENERATED BY DEFAULT AS IDENTITY (
    SEQUENCE NAME public.auth_user_groups_id_seq
    START WITH 1
    INCREMENT BY 1
    NO MINVALUE
    NO MAXVALUE
    CACHE 1
);


--
-- TOC entry 235 (class 1259 OID 19004)
-- Name: auth_user_id_seq; Type: SEQUENCE; Schema: public; Owner: postgres
--

ALTER TABLE public.auth_user ALTER COLUMN id ADD GENERATED BY DEFAULT AS IDENTITY (
    SEQUENCE NAME public.auth_user_id_seq
    START WITH 1
    INCREMENT BY 1
    NO MINVALUE
    NO MAXVALUE
    CACHE 1
);


--
-- TOC entry 240 (class 1259 OID 19033)
-- Name: auth_user_user_permissions; Type: TABLE; Schema: public; Owner: postgres
--

CREATE TABLE public.auth_user_user_permissions (
    id bigint NOT NULL,
    user_id integer NOT NULL,
    permission_id integer NOT NULL
);


ALTER TABLE public.auth_user_user_permissions OWNER TO postgres;

--
-- TOC entry 239 (class 1259 OID 19032)
-- Name: auth_user_user_permissions_id_seq; Type: SEQUENCE; Schema: public; Owner: postgres
--

ALTER TABLE public.auth_user_user_permissions ALTER COLUMN id ADD GENERATED BY DEFAULT AS IDENTITY (
    SEQUENCE NAME public.auth_user_user_permissions_id_seq
    START WITH 1
    INCREMENT BY 1
    NO MINVALUE
    NO MAXVALUE
    CACHE 1
);


--
-- TOC entry 242 (class 1259 OID 19094)
-- Name: django_admin_log; Type: TABLE; Schema: public; Owner: postgres
--

CREATE TABLE public.django_admin_log (
    id integer NOT NULL,
    action_time timestamp with time zone NOT NULL,
    object_id text,
    object_repr character varying(200) NOT NULL,
    action_flag smallint NOT NULL,
    change_message text NOT NULL,
    content_type_id integer,
    user_id integer NOT NULL,
    CONSTRAINT django_admin_log_action_flag_check CHECK ((action_flag >= 0))
);


ALTER TABLE public.django_admin_log OWNER TO postgres;

--
-- TOC entry 241 (class 1259 OID 19093)
-- Name: django_admin_log_id_seq; Type: SEQUENCE; Schema: public; Owner: postgres
--

ALTER TABLE public.django_admin_log ALTER COLUMN id ADD GENERATED BY DEFAULT AS IDENTITY (
    SEQUENCE NAME public.django_admin_log_id_seq
    START WITH 1
    INCREMENT BY 1
    NO MINVALUE
    NO MAXVALUE
    CACHE 1
);


--
-- TOC entry 228 (class 1259 OID 18964)
-- Name: django_content_type; Type: TABLE; Schema: public; Owner: postgres
--

CREATE TABLE public.django_content_type (
    id integer NOT NULL,
    app_label character varying(100) NOT NULL,
    model character varying(100) NOT NULL
);


ALTER TABLE public.django_content_type OWNER TO postgres;

--
-- TOC entry 227 (class 1259 OID 18963)
-- Name: django_content_type_id_seq; Type: SEQUENCE; Schema: public; Owner: postgres
--

ALTER TABLE public.django_content_type ALTER COLUMN id ADD GENERATED BY DEFAULT AS IDENTITY (
    SEQUENCE NAME public.django_content_type_id_seq
    START WITH 1
    INCREMENT BY 1
    NO MINVALUE
    NO MAXVALUE
    CACHE 1
);


--
-- TOC entry 226 (class 1259 OID 18952)
-- Name: django_migrations; Type: TABLE; Schema: public; Owner: postgres
--

CREATE TABLE public.django_migrations (
    id bigint NOT NULL,
    app character varying(255) NOT NULL,
    name character varying(255) NOT NULL,
    applied timestamp with time zone NOT NULL
);


ALTER TABLE public.django_migrations OWNER TO postgres;

--
-- TOC entry 225 (class 1259 OID 18951)
-- Name: django_migrations_id_seq; Type: SEQUENCE; Schema: public; Owner: postgres
--

ALTER TABLE public.django_migrations ALTER COLUMN id ADD GENERATED BY DEFAULT AS IDENTITY (
    SEQUENCE NAME public.django_migrations_id_seq
    START WITH 1
    INCREMENT BY 1
    NO MINVALUE
    NO MAXVALUE
    CACHE 1
);


--
-- TOC entry 243 (class 1259 OID 19134)
-- Name: django_session; Type: TABLE; Schema: public; Owner: postgres
--

CREATE TABLE public.django_session (
    session_key character varying(40) NOT NULL,
    session_data text NOT NULL,
    expire_date timestamp with time zone NOT NULL
);


ALTER TABLE public.django_session OWNER TO postgres;

--
-- TOC entry 261 (class 1259 OID 19246)
-- Name: map_app_danhgia; Type: TABLE; Schema: public; Owner: postgres
--

CREATE TABLE public.map_app_danhgia (
    id bigint NOT NULL,
    so_sao integer NOT NULL,
    noi_dung text NOT NULL,
    ngay_tao timestamp with time zone NOT NULL,
    nguoi_danh_gia_id integer NOT NULL,
    nha_tro_id bigint NOT NULL
);


ALTER TABLE public.map_app_danhgia OWNER TO postgres;

--
-- TOC entry 260 (class 1259 OID 19245)
-- Name: map_app_danhgia_id_seq; Type: SEQUENCE; Schema: public; Owner: postgres
--

ALTER TABLE public.map_app_danhgia ALTER COLUMN id ADD GENERATED BY DEFAULT AS IDENTITY (
    SEQUENCE NAME public.map_app_danhgia_id_seq
    START WITH 1
    INCREMENT BY 1
    NO MINVALUE
    NO MAXVALUE
    CACHE 1
);


--
-- TOC entry 259 (class 1259 OID 19231)
-- Name: map_app_dondatphong; Type: TABLE; Schema: public; Owner: postgres
--

CREATE TABLE public.map_app_dondatphong (
    id bigint NOT NULL,
    ngay_tao timestamp with time zone NOT NULL,
    ngay_don_vao date NOT NULL,
    tien_coc numeric(10,0) NOT NULL,
    trang_thai character varying(20) NOT NULL,
    ghi_chu text,
    nguoi_thue_id integer NOT NULL,
    phong_id bigint NOT NULL
);


ALTER TABLE public.map_app_dondatphong OWNER TO postgres;

--
-- TOC entry 258 (class 1259 OID 19230)
-- Name: map_app_dondatphong_id_seq; Type: SEQUENCE; Schema: public; Owner: postgres
--

ALTER TABLE public.map_app_dondatphong ALTER COLUMN id ADD GENERATED BY DEFAULT AS IDENTITY (
    SEQUENCE NAME public.map_app_dondatphong_id_seq
    START WITH 1
    INCREMENT BY 1
    NO MINVALUE
    NO MAXVALUE
    CACHE 1
);


--
-- TOC entry 257 (class 1259 OID 19222)
-- Name: map_app_hinhanhnhatro; Type: TABLE; Schema: public; Owner: postgres
--

CREATE TABLE public.map_app_hinhanhnhatro (
    id bigint NOT NULL,
    hinh_anh character varying(100) NOT NULL,
    nha_tro_id bigint NOT NULL
);


ALTER TABLE public.map_app_hinhanhnhatro OWNER TO postgres;

--
-- TOC entry 256 (class 1259 OID 19221)
-- Name: map_app_hinhanhnhatro_id_seq; Type: SEQUENCE; Schema: public; Owner: postgres
--

ALTER TABLE public.map_app_hinhanhnhatro ALTER COLUMN id ADD GENERATED BY DEFAULT AS IDENTITY (
    SEQUENCE NAME public.map_app_hinhanhnhatro_id_seq
    START WITH 1
    INCREMENT BY 1
    NO MINVALUE
    NO MAXVALUE
    CACHE 1
);


--
-- TOC entry 255 (class 1259 OID 19213)
-- Name: map_app_hinhanhtintuc; Type: TABLE; Schema: public; Owner: postgres
--

CREATE TABLE public.map_app_hinhanhtintuc (
    id bigint NOT NULL,
    hinh_anh character varying(100) NOT NULL,
    tin_tuc_id bigint NOT NULL
);


ALTER TABLE public.map_app_hinhanhtintuc OWNER TO postgres;

--
-- TOC entry 254 (class 1259 OID 19212)
-- Name: map_app_hinhanhtintuc_id_seq; Type: SEQUENCE; Schema: public; Owner: postgres
--

ALTER TABLE public.map_app_hinhanhtintuc ALTER COLUMN id ADD GENERATED BY DEFAULT AS IDENTITY (
    SEQUENCE NAME public.map_app_hinhanhtintuc_id_seq
    START WITH 1
    INCREMENT BY 1
    NO MINVALUE
    NO MAXVALUE
    CACHE 1
);


--
-- TOC entry 265 (class 1259 OID 19359)
-- Name: map_app_hosochutro; Type: TABLE; Schema: public; Owner: postgres
--

CREATE TABLE public.map_app_hosochutro (
    id bigint NOT NULL,
    so_dien_thoai character varying(20) NOT NULL,
    dia_chi character varying(255) NOT NULL,
    ngay_cap timestamp with time zone NOT NULL,
    ghi_chu text NOT NULL,
    user_id integer NOT NULL
);


ALTER TABLE public.map_app_hosochutro OWNER TO postgres;

--
-- TOC entry 264 (class 1259 OID 19358)
-- Name: map_app_hosochutro_id_seq; Type: SEQUENCE; Schema: public; Owner: postgres
--

ALTER TABLE public.map_app_hosochutro ALTER COLUMN id ADD GENERATED BY DEFAULT AS IDENTITY (
    SEQUENCE NAME public.map_app_hosochutro_id_seq
    START WITH 1
    INCREMENT BY 1
    NO MINVALUE
    NO MAXVALUE
    CACHE 1
);


--
-- TOC entry 253 (class 1259 OID 19199)
-- Name: map_app_khieunai; Type: TABLE; Schema: public; Owner: postgres
--

CREATE TABLE public.map_app_khieunai (
    id bigint NOT NULL,
    tieu_de character varying(200) NOT NULL,
    noi_dung text NOT NULL,
    trang_thai character varying(20) NOT NULL,
    ngay_tao timestamp with time zone NOT NULL,
    nguoi_gui_id integer NOT NULL
);


ALTER TABLE public.map_app_khieunai OWNER TO postgres;

--
-- TOC entry 252 (class 1259 OID 19198)
-- Name: map_app_khieunai_id_seq; Type: SEQUENCE; Schema: public; Owner: postgres
--

ALTER TABLE public.map_app_khieunai ALTER COLUMN id ADD GENERATED BY DEFAULT AS IDENTITY (
    SEQUENCE NAME public.map_app_khieunai_id_seq
    START WITH 1
    INCREMENT BY 1
    NO MINVALUE
    NO MAXVALUE
    CACHE 1
);


--
-- TOC entry 245 (class 1259 OID 19153)
-- Name: map_app_nhatro; Type: TABLE; Schema: public; Owner: postgres
--

CREATE TABLE public.map_app_nhatro (
    id bigint NOT NULL,
    ten_nha character varying(200) NOT NULL,
    dia_chi character varying(255) NOT NULL,
    location public.geometry(Point,4326) NOT NULL,
    hinh_anh character varying(100),
    mo_ta text,
    created_at timestamp with time zone NOT NULL,
    owner_id integer
);


ALTER TABLE public.map_app_nhatro OWNER TO postgres;

--
-- TOC entry 247 (class 1259 OID 19166)
-- Name: map_app_nhatro_favorites; Type: TABLE; Schema: public; Owner: postgres
--

CREATE TABLE public.map_app_nhatro_favorites (
    id bigint NOT NULL,
    nhatro_id bigint NOT NULL,
    user_id integer NOT NULL
);


ALTER TABLE public.map_app_nhatro_favorites OWNER TO postgres;

--
-- TOC entry 246 (class 1259 OID 19165)
-- Name: map_app_nhatro_favorites_id_seq; Type: SEQUENCE; Schema: public; Owner: postgres
--

ALTER TABLE public.map_app_nhatro_favorites ALTER COLUMN id ADD GENERATED BY DEFAULT AS IDENTITY (
    SEQUENCE NAME public.map_app_nhatro_favorites_id_seq
    START WITH 1
    INCREMENT BY 1
    NO MINVALUE
    NO MAXVALUE
    CACHE 1
);


--
-- TOC entry 244 (class 1259 OID 19152)
-- Name: map_app_nhatro_id_seq; Type: SEQUENCE; Schema: public; Owner: postgres
--

ALTER TABLE public.map_app_nhatro ALTER COLUMN id ADD GENERATED BY DEFAULT AS IDENTITY (
    SEQUENCE NAME public.map_app_nhatro_id_seq
    START WITH 1
    INCREMENT BY 1
    NO MINVALUE
    NO MAXVALUE
    CACHE 1
);


--
-- TOC entry 251 (class 1259 OID 19187)
-- Name: map_app_phongtro; Type: TABLE; Schema: public; Owner: postgres
--

CREATE TABLE public.map_app_phongtro (
    id bigint NOT NULL,
    ten_phong character varying(50) NOT NULL,
    gia_thue numeric(10,0) NOT NULL,
    dien_tich double precision NOT NULL,
    trang_thai character varying(20) NOT NULL,
    nha_tro_id bigint NOT NULL,
    hinh_anh character varying(100)
);


ALTER TABLE public.map_app_phongtro OWNER TO postgres;

--
-- TOC entry 250 (class 1259 OID 19186)
-- Name: map_app_phongtro_id_seq; Type: SEQUENCE; Schema: public; Owner: postgres
--

ALTER TABLE public.map_app_phongtro ALTER COLUMN id ADD GENERATED BY DEFAULT AS IDENTITY (
    SEQUENCE NAME public.map_app_phongtro_id_seq
    START WITH 1
    INCREMENT BY 1
    NO MINVALUE
    NO MAXVALUE
    CACHE 1
);


--
-- TOC entry 249 (class 1259 OID 19175)
-- Name: map_app_tintuc; Type: TABLE; Schema: public; Owner: postgres
--

CREATE TABLE public.map_app_tintuc (
    id bigint NOT NULL,
    tieu_de character varying(200) NOT NULL,
    hinh_anh character varying(100),
    noi_dung text NOT NULL,
    ngay_dang timestamp with time zone NOT NULL
);


ALTER TABLE public.map_app_tintuc OWNER TO postgres;

--
-- TOC entry 248 (class 1259 OID 19174)
-- Name: map_app_tintuc_id_seq; Type: SEQUENCE; Schema: public; Owner: postgres
--

ALTER TABLE public.map_app_tintuc ALTER COLUMN id ADD GENERATED BY DEFAULT AS IDENTITY (
    SEQUENCE NAME public.map_app_tintuc_id_seq
    START WITH 1
    INCREMENT BY 1
    NO MINVALUE
    NO MAXVALUE
    CACHE 1
);


--
-- TOC entry 263 (class 1259 OID 19326)
-- Name: map_app_tranggioithieu; Type: TABLE; Schema: public; Owner: postgres
--

CREATE TABLE public.map_app_tranggioithieu (
    id bigint NOT NULL,
    tieu_de_chinh character varying(200) NOT NULL,
    mo_ta_ngan text NOT NULL,
    hinh_anh_banner character varying(100),
    tieu_de_su_menh character varying(200) NOT NULL,
    noi_dung_su_menh text NOT NULL,
    so_phong integer NOT NULL,
    so_sinh_vien integer NOT NULL,
    so_quan integer NOT NULL,
    so_nam integer NOT NULL,
    thanh_vien_1_ten character varying(100) NOT NULL,
    thanh_vien_1_chuc_vu character varying(100) NOT NULL,
    thanh_vien_1_anh character varying(100),
    thanh_vien_2_ten character varying(100) NOT NULL,
    thanh_vien_2_chuc_vu character varying(100) NOT NULL,
    thanh_vien_2_anh character varying(100),
    thanh_vien_3_ten character varying(100) NOT NULL,
    thanh_vien_3_chuc_vu character varying(100) NOT NULL,
    thanh_vien_3_anh character varying(100),
    email character varying(254) NOT NULL,
    so_dien_thoai character varying(20) NOT NULL,
    dia_chi character varying(255) NOT NULL,
    facebook character varying(200) NOT NULL,
    zalo character varying(20) NOT NULL
);


ALTER TABLE public.map_app_tranggioithieu OWNER TO postgres;

--
-- TOC entry 262 (class 1259 OID 19325)
-- Name: map_app_tranggioithieu_id_seq; Type: SEQUENCE; Schema: public; Owner: postgres
--

ALTER TABLE public.map_app_tranggioithieu ALTER COLUMN id ADD GENERATED BY DEFAULT AS IDENTITY (
    SEQUENCE NAME public.map_app_tranggioithieu_id_seq
    START WITH 1
    INCREMENT BY 1
    NO MINVALUE
    NO MAXVALUE
    CACHE 1
);


--
-- TOC entry 6139 (class 0 OID 18986)
-- Dependencies: 232
-- Data for Name: auth_group; Type: TABLE DATA; Schema: public; Owner: postgres
--

COPY public.auth_group (id, name) FROM stdin;
\.


--
-- TOC entry 6141 (class 0 OID 18996)
-- Dependencies: 234
-- Data for Name: auth_group_permissions; Type: TABLE DATA; Schema: public; Owner: postgres
--

COPY public.auth_group_permissions (id, group_id, permission_id) FROM stdin;
\.


--
-- TOC entry 6137 (class 0 OID 18976)
-- Dependencies: 230
-- Data for Name: auth_permission; Type: TABLE DATA; Schema: public; Owner: postgres
--

COPY public.auth_permission (id, name, content_type_id, codename) FROM stdin;
1	Can add log entry	1	add_logentry
2	Can change log entry	1	change_logentry
3	Can delete log entry	1	delete_logentry
4	Can view log entry	1	view_logentry
5	Can add permission	2	add_permission
6	Can change permission	2	change_permission
7	Can delete permission	2	delete_permission
8	Can view permission	2	view_permission
9	Can add group	3	add_group
10	Can change group	3	change_group
11	Can delete group	3	delete_group
12	Can view group	3	view_group
13	Can add user	4	add_user
14	Can change user	4	change_user
15	Can delete user	4	delete_user
16	Can view user	4	view_user
17	Can add content type	5	add_contenttype
18	Can change content type	5	change_contenttype
19	Can delete content type	5	delete_contenttype
20	Can view content type	5	view_contenttype
21	Can add session	6	add_session
22	Can change session	6	change_session
23	Can delete session	6	delete_session
24	Can view session	6	view_session
25	Can add nha tro	7	add_nhatro
26	Can change nha tro	7	change_nhatro
27	Can delete nha tro	7	delete_nhatro
28	Can view nha tro	7	view_nhatro
29	Can add tin tuc	8	add_tintuc
30	Can change tin tuc	8	change_tintuc
31	Can delete tin tuc	8	delete_tintuc
32	Can view tin tuc	8	view_tintuc
33	Can add phong tro	9	add_phongtro
34	Can change phong tro	9	change_phongtro
35	Can delete phong tro	9	delete_phongtro
36	Can view phong tro	9	view_phongtro
37	Can add khieu nai	10	add_khieunai
38	Can change khieu nai	10	change_khieunai
39	Can delete khieu nai	10	delete_khieunai
40	Can view khieu nai	10	view_khieunai
41	Can add hinh anh tin tuc	11	add_hinhanhtintuc
42	Can change hinh anh tin tuc	11	change_hinhanhtintuc
43	Can delete hinh anh tin tuc	11	delete_hinhanhtintuc
44	Can view hinh anh tin tuc	11	view_hinhanhtintuc
45	Can add hinh anh nha tro	12	add_hinhanhnhatro
46	Can change hinh anh nha tro	12	change_hinhanhnhatro
47	Can delete hinh anh nha tro	12	delete_hinhanhnhatro
48	Can view hinh anh nha tro	12	view_hinhanhnhatro
49	Can add don dat phong	13	add_dondatphong
50	Can change don dat phong	13	change_dondatphong
51	Can delete don dat phong	13	delete_dondatphong
52	Can view don dat phong	13	view_dondatphong
53	Can add danh gia	14	add_danhgia
54	Can change danh gia	14	change_danhgia
55	Can delete danh gia	14	delete_danhgia
56	Can view danh gia	14	view_danhgia
57	Can add Trang Giới Thiệu	15	add_tranggioithieu
58	Can change Trang Giới Thiệu	15	change_tranggioithieu
59	Can delete Trang Giới Thiệu	15	delete_tranggioithieu
60	Can view Trang Giới Thiệu	15	view_tranggioithieu
61	Can add Hồ sơ Chủ trọ	16	add_hosochutro
62	Can change Hồ sơ Chủ trọ	16	change_hosochutro
63	Can delete Hồ sơ Chủ trọ	16	delete_hosochutro
64	Can view Hồ sơ Chủ trọ	16	view_hosochutro
\.


--
-- TOC entry 6143 (class 0 OID 19005)
-- Dependencies: 236
-- Data for Name: auth_user; Type: TABLE DATA; Schema: public; Owner: postgres
--

COPY public.auth_user (id, password, last_login, is_superuser, username, first_name, last_name, email, is_staff, is_active, date_joined) FROM stdin;
4	pbkdf2_sha256$600000$vVt72I0V2Z17CfGt4qzlsE$vLruWiJA3gTR0eUHvMhdfPyyTtEMKqbzf5hARHAq2fE=	2026-04-15 12:07:41.282272+07	f	SADF			1250080014@sv.hcmunre.edu.vn	f	t	2026-04-15 12:07:40.969872+07
2	pbkdf2_sha256$600000$2yXK8VHCyNRKobxoJQd7ea$3F0DWOsBmk3YviGGjP9Ou7ae8qwZAulxQtpSf9wd/vc=	2026-05-04 11:06:24.544313+07	t	admin			baohuynhgiasvien@gmail.com	t	t	2026-04-15 12:01:28.317921+07
9	pbkdf2_sha256$600000$XoWRfxAEXJ07EHFE6m7Vhr$p3mCnauMTOZ3zYZtLO6dx5p1IU/WO/lUSiDi7dSCqnA=	2026-05-04 11:02:09.210122+07	f	giabao2411	Bao	Huynh Gia	bao2411@gmail.com	f	t	2026-05-04 11:01:21.409484+07
\.


--
-- TOC entry 6145 (class 0 OID 19024)
-- Dependencies: 238
-- Data for Name: auth_user_groups; Type: TABLE DATA; Schema: public; Owner: postgres
--

COPY public.auth_user_groups (id, user_id, group_id) FROM stdin;
\.


--
-- TOC entry 6147 (class 0 OID 19033)
-- Dependencies: 240
-- Data for Name: auth_user_user_permissions; Type: TABLE DATA; Schema: public; Owner: postgres
--

COPY public.auth_user_user_permissions (id, user_id, permission_id) FROM stdin;
\.


--
-- TOC entry 6149 (class 0 OID 19094)
-- Dependencies: 242
-- Data for Name: django_admin_log; Type: TABLE DATA; Schema: public; Owner: postgres
--

COPY public.django_admin_log (id, action_time, object_id, object_repr, action_flag, change_message, content_type_id, user_id) FROM stdin;
\.


--
-- TOC entry 6135 (class 0 OID 18964)
-- Dependencies: 228
-- Data for Name: django_content_type; Type: TABLE DATA; Schema: public; Owner: postgres
--

COPY public.django_content_type (id, app_label, model) FROM stdin;
1	admin	logentry
2	auth	permission
3	auth	group
4	auth	user
5	contenttypes	contenttype
6	sessions	session
7	map_app	nhatro
8	map_app	tintuc
9	map_app	phongtro
10	map_app	khieunai
11	map_app	hinhanhtintuc
12	map_app	hinhanhnhatro
13	map_app	dondatphong
14	map_app	danhgia
15	map_app	tranggioithieu
16	map_app	hosochutro
\.


--
-- TOC entry 6133 (class 0 OID 18952)
-- Dependencies: 226
-- Data for Name: django_migrations; Type: TABLE DATA; Schema: public; Owner: postgres
--

COPY public.django_migrations (id, app, name, applied) FROM stdin;
1	contenttypes	0001_initial	2026-04-15 11:53:30.699491+07
2	auth	0001_initial	2026-04-15 11:53:30.745844+07
3	admin	0001_initial	2026-04-15 11:53:30.757405+07
4	admin	0002_logentry_remove_auto_add	2026-04-15 11:53:30.762916+07
5	admin	0003_logentry_add_action_flag_choices	2026-04-15 11:53:30.769422+07
6	contenttypes	0002_remove_content_type_name	2026-04-15 11:53:30.782963+07
7	auth	0002_alter_permission_name_max_length	2026-04-15 11:53:30.788948+07
8	auth	0003_alter_user_email_max_length	2026-04-15 11:53:30.794629+07
9	auth	0004_alter_user_username_opts	2026-04-15 11:53:30.801136+07
10	auth	0005_alter_user_last_login_null	2026-04-15 11:53:30.806146+07
11	auth	0006_require_contenttypes_0002	2026-04-15 11:53:30.808143+07
12	auth	0007_alter_validators_add_error_messages	2026-04-15 11:53:30.814657+07
13	auth	0008_alter_user_username_max_length	2026-04-15 11:53:30.824173+07
14	auth	0009_alter_user_last_name_max_length	2026-04-15 11:53:30.830167+07
15	auth	0010_alter_group_name_max_length	2026-04-15 11:53:30.836736+07
16	auth	0011_update_proxy_permissions	2026-04-15 11:53:30.841736+07
17	auth	0012_alter_user_first_name_max_length	2026-04-15 11:53:30.847245+07
18	sessions	0001_initial	2026-04-15 11:53:30.854761+07
19	map_app	0001_initial	2026-04-15 11:55:22.325486+07
20	map_app	0002_phongtro_hinh_anh	2026-04-15 13:41:49.43861+07
21	map_app	0003_alter_phongtro_hinh_anh	2026-04-22 10:22:12.446648+07
22	map_app	0004_tranggioithieu	2026-04-24 14:06:45.369341+07
23	map_app	0005_nhatro_owner_hosochutro	2026-04-26 19:16:59.20253+07
\.


--
-- TOC entry 6150 (class 0 OID 19134)
-- Dependencies: 243
-- Data for Name: django_session; Type: TABLE DATA; Schema: public; Owner: postgres
--

COPY public.django_session (session_key, session_data, expire_date) FROM stdin;
w7jaazl9mpwrtfl03hhgtutkocwz38s5	.eJxVjEEOwiAQRe_C2hBgoIBL956BMDNUqoYmpV0Z765NutDtf-_9l0h5W2vaelnSxOIsrDj9bpjpUdoO-J7bbZY0t3WZUO6KPGiX15nL83K4fwc19_qtR4rkkMnF6AalLXCgETGDKcyDpWBIQQnaGwserMuGVeDiKbBGwCjeH_qkODY:1wCsTV:iGN1F5PdvCCwXW3lDP2WO0Yfjlg5W59KbDZVmVInpoo	2026-04-29 12:07:41.284642+07
qfdzzzy6cumpfgfi7xxen9xjqaioxkmp	.eJxVjMsOwiAQRf-FtSEgw2NcuvcbyAxQqRqalHZl_HfbpAvd3nPOfYtI61Lj2sscxywuworT78aUnqXtID-o3SeZprbMI8tdkQft8jbl8roe7t9BpV63mh0UD4iUMgFoy0rxkGzWGagEdqYAofE6IGraKHunkA2eE1iThiA-X--rN9c:1wCtbW:q2MmwIEBS--iqeAExlL7IcvhN2Dop6J7jAJ19GtG9DQ	2026-04-29 13:20:02.748734+07
489ezbslolx5apykpad8y0ierv9vy6ir	.eJxVjDsOwjAQBe_iGlmOvzElPWewvLteEkC2FCcV4u4QKQW0b2beS6S8rVPaelnSTOIstDj9bpDxUeoO6J7rrUlsdV1mkLsiD9rltVF5Xg7372DKffrWyo1ZMxMHT9p6q6NF5cEjojOFmIc4ajM6V4KJ1oIajCIECOBCYTbi_QHkNjgO:1wJkZc:fmxxzmWIIkK-W42BYOtvKPN_-0J1ff9_I1cnkNs6-nY	2026-05-18 11:06:24.546338+07
4f9pa8d1lqbycc7asgrz6p9u06wgks21	.eJxVjMEOwiAQRP-FsyEsUgoevfsNZHcBqRpISnsy_rtt0oNmbvPezFsEXJcS1p7mMEVxEV6cfjtCfqa6g_jAem-SW13mieSuyIN2eWsxva6H-3dQsJdtrcAaUMRkjNqSgRmy8zRa0JoUxwGVhWSyQxP9CP7srEGddU6D1p7E5wvGrDcw:1wJkek:xy44_ZU64Z-TX-qMbh70ckazpDMt-dJ0b9rpl22e1u0	2026-05-18 11:11:42.336314+07
\.


--
-- TOC entry 6168 (class 0 OID 19246)
-- Dependencies: 261
-- Data for Name: map_app_danhgia; Type: TABLE DATA; Schema: public; Owner: postgres
--

COPY public.map_app_danhgia (id, so_sao, noi_dung, ngay_tao, nguoi_danh_gia_id, nha_tro_id) FROM stdin;
6	5	tuyệt\r\n	2026-05-04 11:05:09.894041+07	9	19
\.


--
-- TOC entry 6166 (class 0 OID 19231)
-- Dependencies: 259
-- Data for Name: map_app_dondatphong; Type: TABLE DATA; Schema: public; Owner: postgres
--

COPY public.map_app_dondatphong (id, ngay_tao, ngay_don_vao, tien_coc, trang_thai, ghi_chu, nguoi_thue_id, phong_id) FROM stdin;
11	2026-05-04 11:05:28.591298+07	2026-05-05	21433	da_dat_coc		9	48
\.


--
-- TOC entry 6164 (class 0 OID 19222)
-- Dependencies: 257
-- Data for Name: map_app_hinhanhnhatro; Type: TABLE DATA; Schema: public; Owner: postgres
--

COPY public.map_app_hinhanhnhatro (id, hinh_anh, nha_tro_id) FROM stdin;
17	nhatro_gallery/3_-_Copy_xt8k3lI.jpg	8
18	nhatro_gallery/3_ouUduTr.jpg	8
19	nhatro_gallery/4_TIEq0V5.jpg	8
20	nhatro_gallery/5_-_Copy_18rPm7Y.jpg	8
21	nhatro_gallery/5_CLl9Gbt.jpg	8
22	nhatro_gallery/6_-_Copy_dQW9GyO.jpg	8
23	nhatro_gallery/4_-_Copy_EHCImM1.jpg	10
24	nhatro_gallery/4_oomhYdt.jpg	10
25	nhatro_gallery/5_U8oOvze.jpg	10
26	nhatro_gallery/8_OJrLMUf.jpg	10
27	nhatro_gallery/9_-_Copy_QwNLE5n.jpg	10
28	nhatro_gallery/9_BHwvJWc.jpg	10
29	nhatro_gallery/10_-_Copy_VyJMT5x.jpg	10
30	nhatro_gallery/10_NOrJiyO.jpg	10
31	nhatro_gallery/6_-_Copy_TqBGskC.jpg	11
32	nhatro_gallery/trangtri.webp	7
33	nhatro_gallery/tro7.jpg	7
34	nhatro_gallery/tro8.jpg	7
35	nhatro_gallery/tro9.jpg	7
36	nhatro_gallery/tro11.jpg	7
37	nhatro_gallery/tro12.jpg	7
38	nhatro_gallery/tro13.jpg	7
39	nhatro_gallery/trangtri_j5ieG64.webp	7
40	nhatro_gallery/tro7_3X5sszn.jpg	7
41	nhatro_gallery/tro8_1CZvGdT.jpg	7
42	nhatro_gallery/tro9_StYXQmv.jpg	7
43	nhatro_gallery/tro11_uq6YLj8.jpg	7
44	nhatro_gallery/tro12_L4rnaAl.jpg	7
45	nhatro_gallery/tro13_Zb8v85X.jpg	7
46	nhatro_gallery/trangtri_Hb0dcXk.webp	7
47	nhatro_gallery/tro7_u0dzv6R.jpg	7
48	nhatro_gallery/tro8_AqOIILk.jpg	7
49	nhatro_gallery/tro9_LrJZ3OR.jpg	7
50	nhatro_gallery/tro11_47JI1Qf.jpg	7
51	nhatro_gallery/tro12_TVLFWtY.jpg	7
52	nhatro_gallery/tro13_GEYwPo2.jpg	7
53	nhatro_gallery/tphcm.jpg	6
54	nhatro_gallery/trangtri_37cJZej.webp	6
55	nhatro_gallery/tro7_8y5gKDd.jpg	6
56	nhatro_gallery/tro8_66gI5Xd.jpg	6
57	nhatro_gallery/tro9_qeZu8O0.jpg	6
58	nhatro_gallery/tro10.jpg	6
59	nhatro_gallery/trangtri_lJrORz0.webp	5
60	nhatro_gallery/tro7_82dfhaY.jpg	5
61	nhatro_gallery/tro8_TQhSuj6.jpg	5
62	nhatro_gallery/tro11_v9wqYZX.jpg	5
63	nhatro_gallery/tro12_BKhUv5k.jpg	5
64	nhatro_gallery/tro13_GPOQl9u.jpg	5
65	nhatro_gallery/1.jpg	12
66	nhatro_gallery/2_GRxDxDY.jpg	12
67	nhatro_gallery/3_-_Copy_hBlIHqK.jpg	12
68	nhatro_gallery/4_DB5rHZo.jpg	12
69	nhatro_gallery/5_-_Copy_C8Yfipg.jpg	12
70	nhatro_gallery/5_xatmkTB.jpg	12
71	nhatro_gallery/2_BQOu1vb.jpg	15
72	nhatro_gallery/3_-_Copy_q1xwzDD.jpg	15
73	nhatro_gallery/3_RKEZzju.jpg	15
74	nhatro_gallery/4_-_Copy_jdgH9ah.jpg	15
75	nhatro_gallery/4_yOt1zKU.jpg	15
76	nhatro_gallery/5_-_Copy_xDoLOaB.jpg	15
77	nhatro_gallery/6_-_Copy_pHNhhUk.jpg	15
78	nhatro_gallery/6.jpg	15
79	nhatro_gallery/7_jRIclJp.jpg	15
\.


--
-- TOC entry 6162 (class 0 OID 19213)
-- Dependencies: 255
-- Data for Name: map_app_hinhanhtintuc; Type: TABLE DATA; Schema: public; Owner: postgres
--

COPY public.map_app_hinhanhtintuc (id, hinh_anh, tin_tuc_id) FROM stdin;
1	tin_tuc_phu/phong15.jpg	8
2	tin_tuc_phu/phong16.jpg	8
3	tin_tuc_phu/phong17.jpg	8
4	tin_tuc_phu/tro8.jpg	4
5	tin_tuc_phu/tro9.jpg	4
6	tin_tuc_phu/tro13.jpg	4
7	tin_tuc_phu/1.jpg	9
8	tin_tuc_phu/2.jpg	9
9	tin_tuc_phu/3_-_Copy.jpg	9
10	tin_tuc_phu/4_-_Copy.jpg	9
11	tin_tuc_phu/4.jpg	9
12	tin_tuc_phu/5_-_Copy.jpg	9
13	tin_tuc_phu/khuvuc.jpg	3
14	tin_tuc_phu/phong19.png	2
\.


--
-- TOC entry 6172 (class 0 OID 19359)
-- Dependencies: 265
-- Data for Name: map_app_hosochutro; Type: TABLE DATA; Schema: public; Owner: postgres
--

COPY public.map_app_hosochutro (id, so_dien_thoai, dia_chi, ngay_cap, ghi_chu, user_id) FROM stdin;
7			2026-05-04 11:08:55.342411+07		9
\.


--
-- TOC entry 6160 (class 0 OID 19199)
-- Dependencies: 253
-- Data for Name: map_app_khieunai; Type: TABLE DATA; Schema: public; Owner: postgres
--

COPY public.map_app_khieunai (id, tieu_de, noi_dung, trang_thai, ngay_tao, nguoi_gui_id) FROM stdin;
5	sadfasdfasdfsdafsadf4352345	35432524352435234523	da_xong	2026-05-04 11:06:05.777495+07	9
\.


--
-- TOC entry 6152 (class 0 OID 19153)
-- Dependencies: 245
-- Data for Name: map_app_nhatro; Type: TABLE DATA; Schema: public; Owner: postgres
--

COPY public.map_app_nhatro (id, ten_nha, dia_chi, location, hinh_anh, mo_ta, created_at, owner_id) FROM stdin;
11	12414312	74, Trần Văn Kiểu, Khu phố 24, Phường Bình Phú, Ho Chi Minh City, 73118	0101000020E6100000CCA506FB1AA85A401A51176AA8772540	nha_tro/4.jpg	12432142432143	2026-04-15 12:44:51.077495+07	\N
8	Dãy Trọ Lê Văn Khương	Trần Quang Cơ, Khu phố 48, Phường Tân Thới Hiệp, Thuận An, Ho Chi Minh City, 71716	0101000020E6100000436EF6713FA85A40FE5B0C0675C42540	nha_tro/1_0UnsSOe.jpg	Khu trọ an ninh, gần trường học, giờ giấc tự do tại Dãy Trọ Lê Văn Khương	2026-04-15 12:27:37.393006+07	\N
10	Trọ Gần Đại Học Lao Động Xã Hội	Tòa nhà SBI - Software Business Incubation Center, 1, Đường Tô Ký, Khu phố 31, Phường Trung Mỹ Tây, Thuận An, Ho Chi Minh City, 70000	0101000020E610000093D5620303A85A40753E819E7EB52540	nha_tro/8.jpg	Khu trọ an ninh, gần trường học, giờ giấc tự do tại Trọ Gần Đại Học Lao Động Xã Hội	2026-04-15 12:27:37.399511+07	\N
4	Nhà Trọ An Phú Đông	Hẻm 57 Bàu Cát 8, Phường Tân Bình, Thủ Đức, Ho Chi Minh City, 72000	0101000020E610000053802A151DA95A40C9599508F7932540	nha_tro/9.jpg	Khu trọ an ninh, gần trường học, giờ giấc tự do tại Nhà Trọ An Phú Đông	2026-04-15 12:27:37.376976+07	\N
9	Khu Nhà Trọ Thạnh Xuân	Hẻm 551 Lê Văn Khương, Khu phố 63, Phường Tân Thới Hiệp, Thuận An, Ho Chi Minh City, 71514	0101000020E6100000EA14CF446AA95A4097398BAF19C72540	nha_tro/1_-_Copy.jpg	Khu trọ an ninh, gần trường học, giờ giấc tự do tại Khu Nhà Trọ Thạnh Xuân	2026-04-15 12:27:37.397008+07	\N
21	qqqqqqqqqqq	Hẻm 148 Ðề Thám, Khu phố 36, Phường Cầu Ông Lãnh, Thủ Đức, Ho Chi Minh City, 71010	0101000020E61000005CF0F1007BAC5A40A158F897E0872540	nha_tro/3.jpg		2026-05-04 11:09:35.711633+07	9
3	Trọ Sinh Viên Quang Trung 1	Hà Thị Khiêm, Khu phố 13, Phường Trung Mỹ Tây, Thủ Đức, Ho Chi Minh City, 71507	0101000020E6100000C8661799F5A75A404033602272B42540	nha_tro/1_k7dkkpH.jpg	Khu trọ an ninh, gần trường học, giờ giấc tự do tại Trọ Sinh Viên Quang Trung 1	2026-04-15 12:27:37.369976+07	\N
17	Căn hộ dịch vụ Thảo Điền	Cư Xá Điện Lực Trần Não, Phường An Khánh, Thủ Đức, Ho Chi Minh City, 71108	0101000020E6100000F2CC8D73CEAE5A403536F41E41972540	nha_tro/10_-_Copy.jpg	khu trọ đẹp	2026-05-04 10:52:53.512259+07	\N
7	Chung Cư Mini Hiệp Thành	Hẻm 71/21/14 Phú Thọ Hoà, Khu phố 60, Phường Phú Thọ Hòa, Thủ Đức, Ho Chi Minh City, 72012	0101000020E61000001DCAF3949FA85A40BA5E7C421D902540	nha_tro/nhatro4_YkOfNwK.jpg	Khu trọ an ninh, gần trường học, giờ giấc tự do tại Chung Cư Mini Hiệp Thành	2026-04-15 12:27:37.388999+07	\N
6	Nhà Trọ Giá Rẻ Tân Chánh Hiệp	Nguyễn Thiện Thành, Khu phố 37, Phường An Khánh, Thủ Đức, Ho Chi Minh City, 71006	0101000020E6100000A980D3DE7EAD5A4088F53431B78E2540	nha_tro/phong16.jpg	Khu trọ an ninh, gần trường học, giờ giấc tự do tại Nhà Trọ Giá Rẻ Tân Chánh Hiệp	2026-04-15 12:27:37.385491+07	\N
5	Khu Trọ Cao Cấp Tô Ký	Đường Bình Tiên, Khu phố 27, Phường Bình Tiên, Ho Chi Minh City, 71910	0101000020E610000092860D3829A95A40FFF8D7C17A7C2540	nha_tro/tro7.jpg	Khu trọ an ninh, gần trường học, giờ giấc tự do tại Khu Trọ Cao Cấp Tô Ký	2026-04-15 12:27:37.381498+07	\N
15	MMMMMMMMMMMMM	Nguyễn Bỉnh Khiêm, Phường Hạnh Thông, Thủ Đức, Ho Chi Minh City, 71409	0101000020E610000057ABF03F08AC5A4027A79486CFA12540	nha_tro/phong6.jpg	reoquwpoeiruweqr	2026-05-01 18:48:33.980166+07	\N
12	Nhà trọ Ngã Tư Ga	Lãnh Binh Thăng, Khu phố 21, Phường Bình Thới, Ho Chi Minh City, 72015	0101000020E6100000EBFF55AD5FA95A40F4505D7DCA872540	nha_tro/4_ifdq55s.jpg	2143234231423423	2026-04-15 14:10:26.099207+07	\N
18	qqqqqqqqqqq	Trường Cao đẳng nghề số 7 - Bộ Quốc phòng, Hẻm 51 Thành Thái, Khu phố 1, Phường Diên Hồng, Thủ Đức, Ho Chi Minh City, 72415	0101000020E6100000FDD631A586AA5A4070C06D37648B2540	nha_tro/4_-_Copy_jLeSiuT.jpg	23413231423143	2026-05-04 10:57:39.322009+07	\N
19	dffasdfasdf	Nguyen Thong, Khu phố 1, Phường Xuân Hòa, Thủ Đức, Ho Chi Minh City, 70001	0101000020E61000002A40957AEEAB5A4031109A7AC88D2540	nha_tro/4_8ycq3NX.jpg		2026-05-04 10:58:29.75688+07	\N
\.


--
-- TOC entry 6154 (class 0 OID 19166)
-- Dependencies: 247
-- Data for Name: map_app_nhatro_favorites; Type: TABLE DATA; Schema: public; Owner: postgres
--

COPY public.map_app_nhatro_favorites (id, nhatro_id, user_id) FROM stdin;
6	19	9
\.


--
-- TOC entry 6158 (class 0 OID 19187)
-- Dependencies: 251
-- Data for Name: map_app_phongtro; Type: TABLE DATA; Schema: public; Owner: postgres
--

COPY public.map_app_phongtro (id, ten_phong, gia_thue, dien_tich, trang_thai, nha_tro_id, hinh_anh) FROM stdin;
18	Phòng 204	4000000	18	trong	5	\N
19	Phòng 305	4000000	18	trong	5	\N
21	Phòng 202	3200000	15	trong	6	\N
22	Phòng 304	3200000	18	trong	6	\N
27	Phòng 208	4000000	22	trong	8	\N
28	Phòng 303	4000000	18	trong	8	\N
29	Phòng 106	2500000	25	trong	9	\N
30	Phòng 205	2000000	18	trong	9	\N
31	Phòng 309	3200000	25	trong	9	\N
32	Phòng 107	4000000	25	trong	10	\N
33	Phòng 208	2000000	25	trong	10	\N
34	Phòng 308	2500000	25	trong	10	\N
35	423234	2143234324	20	da_dat	11	
17	Phòng 106	4000000	25	da_dat	5	
20	Phòng 103	4000000	18	da_dat	6	
38	Phòng 241	1500000	12	trong	7	phong_tro/phong16_xdEwhae.jpg
23	Phòng 106	4000000	15	trong	7	phong_tro/3_-_Copy.jpg
24	Phòng 204	4000000	18	trong	7	phong_tro/9_-_Copy.jpg
25	Phòng 304	4000000	25	da_dat	7	phong_tro/10.jpg
26	Phòng 105	3200000	18	da_dat	8	
43	1234	250000	20	trong	15	
14	Phòng 109	2500000	25	trong	4	phong_tro/3_FbSkepi.jpg
15	Phòng 204	2500000	18	trong	4	phong_tro/9.jpg
16	Phòng 302	2500000	25	trong	4	phong_tro/10_-_Copy.jpg
11	Phòng 102	3200000	18	trong	3	phong_tro/nhatro5_iNvc2xC.jpg
12	Phòng 206	2500000	18	trong	3	phong_tro/10.jpg
13	Phòng 308	2500000	25	trong	3	phong_tro/9_Nryv4h2.jpg
44	1111	224454	20	trong	3	
42	111	25000000	20	da_dat	15	phong_tro/6_ibIXoMP.jpg
46	123	12345678	20	trong	17	phong_tro/5_-_Copy.jpg
47	111	1342143	20	trong	17	phong_tro/5_-_Copy_VQBhLbR.jpg
48	12432143	21433	20	da_dat	19	
50	1111	1432342143	20	da_dat	21	phong_tro/5_-_Copy_QqKQzEy.jpg
\.


--
-- TOC entry 6156 (class 0 OID 19175)
-- Dependencies: 249
-- Data for Name: map_app_tintuc; Type: TABLE DATA; Schema: public; Owner: postgres
--

COPY public.map_app_tintuc (id, tieu_de, hinh_anh, noi_dung, ngay_dang) FROM stdin;
8	Lợi ích của việc ký hợp đồng thuê nhà dài hạn	tin_tuc/kinhnghiem_hgPFwIt.png	Việc ký hợp đồng từ 6 tháng đến 1 năm giúp bạn giữ giá thuê ổn định, không lo bị tăng giá bất ngờ. Ngoài ra, hợp đồng rõ ràng là bằng chứng pháp lý bảo vệ bạn khi có tranh chấp về tiền cọc hoặc hỏng hóc thiết bị trong phòng.	2026-04-15 13:03:48.004184+07
7	Top 3 khu vực thuê trọ lý tưởng quanh Công viên phần mềm Quang Trung	tin_tuc/luadao_BY6IDGz.webp	Khu vực Quận 12 và Gò Vấp hiện có rất nhiều dãy trọ mới xây với giá cả hợp lý từ 2.5 - 4 triệu đồng. Đặc biệt là các con đường như Tô Ký, Lê Văn Khương luôn tấp nập dịch vụ ăn uống và tiện lợi cho sinh viên, nhân viên IT làm việc tại CVPM Quang Trung.	2026-04-15 13:03:48.002185+07
6	Cách kiểm tra an ninh và phòng cháy chữa cháy tại khu trọ	tin_tuc/chungcu_18IU8nE.jpg	An toàn là trên hết! Khi xem phòng, hãy kiểm tra hệ thống báo cháy, lối thoát hiểm và camera an ninh. Một khu trọ tốt không chỉ đẹp mà còn phải đảm bảo tính mạng cho người thuê trong các tình huống khẩn cấp.	2026-04-15 13:03:48.000184+07
1	5 mẹo tránh lừa đảo khi thuê phòng trọ qua mạng	tin_tuc/luadao_tHCSJhW.webp	Trong thời đại công nghệ, việc lừa đảo tiền cọc qua mạng ngày càng tinh vi. Người thuê cần lưu ý: không cọc tiền khi chưa xem phòng trực tiếp, kiểm tra căn cước công dân của chủ nhà và ưu tiên các trang web uy tín như SmartRent để được hỗ trợ bảo mật thông tin.	2026-04-15 13:03:47.98722+07
5	Chính sách hỗ trợ giá điện nước cho sinh viên thuê trọ	tin_tuc/chungcu_f6A2Ygh.jpg	Theo quy định mới, chủ trọ không được tự ý thu tiền điện nước quá cao. Sinh viên có thể đăng ký định mức nước và tiền điện theo giá nhà nước nếu có hợp đồng thuê nhà dài hạn. Hãy chủ động trao đổi với chủ trọ về vấn đề này để tiết kiệm chi phí hàng tháng.	2026-04-15 13:03:47.997657+07
4	Tại sao nên sử dụng WebGIS để tìm kiếm phòng trọ?	tin_tuc/tro7.jpg	Hệ thống WebGIS giúp người dùng hình dung trực quan vị trí phòng trọ trên bản đồ. Thay vì đọc địa chỉ khô khan, bạn có thể thấy ngay phòng trọ có gần trạm xe buýt, trường học hay chợ hay không. Công nghệ tìm kiếm bán kính giúp tối ưu thời gian di chuyển đáng kể.	2026-04-15 13:03:47.99526+07
3	Kinh nghiệm trang trí phòng trọ 15m2 cực xinh	tin_tuc/tphcm_HnjyrrS.jpg	Với diện tích nhỏ, việc sử dụng nội thất đa năng và gam màu sáng là chìa khóa. Bạn có thể sử dụng giường tầng tích hợp bàn làm việc, hoặc dùng gương lớn để tạo cảm giác không gian rộng rãi hơn. Đừng quên một vài chậu cây xanh để phòng luôn thoáng mát nhé!	2026-04-15 13:03:47.994252+07
2	Xu hướng thuê căn hộ mini tại TP.HCM năm 2026	tin_tuc/9_-_Copy.jpg	Căn hộ mini với đầy đủ tiện ích như máy lạnh, tủ lạnh và bếp riêng đang trở thành lựa chọn hàng đầu của giới văn phòng trẻ. Thay vì thuê phòng trọ truyền thống, người dùng sẵn sàng chi thêm 1-2 triệu đồng để có không gian sống riêng tư và chuyên nghiệp hơn.	2026-04-15 13:03:47.992738+07
9	24321421	tin_tuc/6.jpg	1234137810389173098472349821043	2026-05-01 18:49:55.232149+07
10	214313	tin_tuc/4.jpg	231423413	2026-05-04 10:55:01.835669+07
11	hghsdsdfg543534524352345sfdaasdf	tin_tuc/kinhnghiem_OLpzc2b.png	2143sdfsafsdfasdfgsdgrettwret4334	2026-05-04 10:55:10.75153+07
\.


--
-- TOC entry 6170 (class 0 OID 19326)
-- Dependencies: 263
-- Data for Name: map_app_tranggioithieu; Type: TABLE DATA; Schema: public; Owner: postgres
--

COPY public.map_app_tranggioithieu (id, tieu_de_chinh, mo_ta_ngan, hinh_anh_banner, tieu_de_su_menh, noi_dung_su_menh, so_phong, so_sinh_vien, so_quan, so_nam, thanh_vien_1_ten, thanh_vien_1_chuc_vu, thanh_vien_1_anh, thanh_vien_2_ten, thanh_vien_2_chuc_vu, thanh_vien_2_anh, thanh_vien_3_ten, thanh_vien_3_chuc_vu, thanh_vien_3_anh, email, so_dien_thoai, dia_chi, facebook, zalo) FROM stdin;
1	Về Chúng Tôi	đây là trang web tìm trọ s1 vnam	gioi_thieu/5_-_Copy.jpg	Sứ Mệnh Của Chúng Tôi	đây là phòng trọ có tâm	27	23	30	23														
\.


--
-- TOC entry 5867 (class 0 OID 18188)
-- Dependencies: 221
-- Data for Name: spatial_ref_sys; Type: TABLE DATA; Schema: public; Owner: postgres
--

COPY public.spatial_ref_sys (srid, auth_name, auth_srid, srtext, proj4text) FROM stdin;
\.


--
-- TOC entry 6179 (class 0 OID 0)
-- Dependencies: 231
-- Name: auth_group_id_seq; Type: SEQUENCE SET; Schema: public; Owner: postgres
--

SELECT pg_catalog.setval('public.auth_group_id_seq', 1, false);


--
-- TOC entry 6180 (class 0 OID 0)
-- Dependencies: 233
-- Name: auth_group_permissions_id_seq; Type: SEQUENCE SET; Schema: public; Owner: postgres
--

SELECT pg_catalog.setval('public.auth_group_permissions_id_seq', 1, false);


--
-- TOC entry 6181 (class 0 OID 0)
-- Dependencies: 229
-- Name: auth_permission_id_seq; Type: SEQUENCE SET; Schema: public; Owner: postgres
--

SELECT pg_catalog.setval('public.auth_permission_id_seq', 64, true);


--
-- TOC entry 6182 (class 0 OID 0)
-- Dependencies: 237
-- Name: auth_user_groups_id_seq; Type: SEQUENCE SET; Schema: public; Owner: postgres
--

SELECT pg_catalog.setval('public.auth_user_groups_id_seq', 1, false);


--
-- TOC entry 6183 (class 0 OID 0)
-- Dependencies: 235
-- Name: auth_user_id_seq; Type: SEQUENCE SET; Schema: public; Owner: postgres
--

SELECT pg_catalog.setval('public.auth_user_id_seq', 9, true);


--
-- TOC entry 6184 (class 0 OID 0)
-- Dependencies: 239
-- Name: auth_user_user_permissions_id_seq; Type: SEQUENCE SET; Schema: public; Owner: postgres
--

SELECT pg_catalog.setval('public.auth_user_user_permissions_id_seq', 1, false);


--
-- TOC entry 6185 (class 0 OID 0)
-- Dependencies: 241
-- Name: django_admin_log_id_seq; Type: SEQUENCE SET; Schema: public; Owner: postgres
--

SELECT pg_catalog.setval('public.django_admin_log_id_seq', 1, false);


--
-- TOC entry 6186 (class 0 OID 0)
-- Dependencies: 227
-- Name: django_content_type_id_seq; Type: SEQUENCE SET; Schema: public; Owner: postgres
--

SELECT pg_catalog.setval('public.django_content_type_id_seq', 16, true);


--
-- TOC entry 6187 (class 0 OID 0)
-- Dependencies: 225
-- Name: django_migrations_id_seq; Type: SEQUENCE SET; Schema: public; Owner: postgres
--

SELECT pg_catalog.setval('public.django_migrations_id_seq', 23, true);


--
-- TOC entry 6188 (class 0 OID 0)
-- Dependencies: 260
-- Name: map_app_danhgia_id_seq; Type: SEQUENCE SET; Schema: public; Owner: postgres
--

SELECT pg_catalog.setval('public.map_app_danhgia_id_seq', 6, true);


--
-- TOC entry 6189 (class 0 OID 0)
-- Dependencies: 258
-- Name: map_app_dondatphong_id_seq; Type: SEQUENCE SET; Schema: public; Owner: postgres
--

SELECT pg_catalog.setval('public.map_app_dondatphong_id_seq', 12, true);


--
-- TOC entry 6190 (class 0 OID 0)
-- Dependencies: 256
-- Name: map_app_hinhanhnhatro_id_seq; Type: SEQUENCE SET; Schema: public; Owner: postgres
--

SELECT pg_catalog.setval('public.map_app_hinhanhnhatro_id_seq', 79, true);


--
-- TOC entry 6191 (class 0 OID 0)
-- Dependencies: 254
-- Name: map_app_hinhanhtintuc_id_seq; Type: SEQUENCE SET; Schema: public; Owner: postgres
--

SELECT pg_catalog.setval('public.map_app_hinhanhtintuc_id_seq', 14, true);


--
-- TOC entry 6192 (class 0 OID 0)
-- Dependencies: 264
-- Name: map_app_hosochutro_id_seq; Type: SEQUENCE SET; Schema: public; Owner: postgres
--

SELECT pg_catalog.setval('public.map_app_hosochutro_id_seq', 7, true);


--
-- TOC entry 6193 (class 0 OID 0)
-- Dependencies: 252
-- Name: map_app_khieunai_id_seq; Type: SEQUENCE SET; Schema: public; Owner: postgres
--

SELECT pg_catalog.setval('public.map_app_khieunai_id_seq', 5, true);


--
-- TOC entry 6194 (class 0 OID 0)
-- Dependencies: 246
-- Name: map_app_nhatro_favorites_id_seq; Type: SEQUENCE SET; Schema: public; Owner: postgres
--

SELECT pg_catalog.setval('public.map_app_nhatro_favorites_id_seq', 6, true);


--
-- TOC entry 6195 (class 0 OID 0)
-- Dependencies: 244
-- Name: map_app_nhatro_id_seq; Type: SEQUENCE SET; Schema: public; Owner: postgres
--

SELECT pg_catalog.setval('public.map_app_nhatro_id_seq', 21, true);


--
-- TOC entry 6196 (class 0 OID 0)
-- Dependencies: 250
-- Name: map_app_phongtro_id_seq; Type: SEQUENCE SET; Schema: public; Owner: postgres
--

SELECT pg_catalog.setval('public.map_app_phongtro_id_seq', 50, true);


--
-- TOC entry 6197 (class 0 OID 0)
-- Dependencies: 248
-- Name: map_app_tintuc_id_seq; Type: SEQUENCE SET; Schema: public; Owner: postgres
--

SELECT pg_catalog.setval('public.map_app_tintuc_id_seq', 11, true);


--
-- TOC entry 6198 (class 0 OID 0)
-- Dependencies: 262
-- Name: map_app_tranggioithieu_id_seq; Type: SEQUENCE SET; Schema: public; Owner: postgres
--

SELECT pg_catalog.setval('public.map_app_tranggioithieu_id_seq', 1, false);


--
-- TOC entry 5885 (class 2606 OID 19130)
-- Name: auth_group auth_group_name_key; Type: CONSTRAINT; Schema: public; Owner: postgres
--

ALTER TABLE ONLY public.auth_group
    ADD CONSTRAINT auth_group_name_key UNIQUE (name);


--
-- TOC entry 5890 (class 2606 OID 19051)
-- Name: auth_group_permissions auth_group_permissions_group_id_permission_id_0cd325b0_uniq; Type: CONSTRAINT; Schema: public; Owner: postgres
--

ALTER TABLE ONLY public.auth_group_permissions
    ADD CONSTRAINT auth_group_permissions_group_id_permission_id_0cd325b0_uniq UNIQUE (group_id, permission_id);


--
-- TOC entry 5893 (class 2606 OID 19003)
-- Name: auth_group_permissions auth_group_permissions_pkey; Type: CONSTRAINT; Schema: public; Owner: postgres
--

ALTER TABLE ONLY public.auth_group_permissions
    ADD CONSTRAINT auth_group_permissions_pkey PRIMARY KEY (id);


--
-- TOC entry 5887 (class 2606 OID 18992)
-- Name: auth_group auth_group_pkey; Type: CONSTRAINT; Schema: public; Owner: postgres
--

ALTER TABLE ONLY public.auth_group
    ADD CONSTRAINT auth_group_pkey PRIMARY KEY (id);


--
-- TOC entry 5880 (class 2606 OID 19042)
-- Name: auth_permission auth_permission_content_type_id_codename_01ab375a_uniq; Type: CONSTRAINT; Schema: public; Owner: postgres
--

ALTER TABLE ONLY public.auth_permission
    ADD CONSTRAINT auth_permission_content_type_id_codename_01ab375a_uniq UNIQUE (content_type_id, codename);


--
-- TOC entry 5882 (class 2606 OID 18984)
-- Name: auth_permission auth_permission_pkey; Type: CONSTRAINT; Schema: public; Owner: postgres
--

ALTER TABLE ONLY public.auth_permission
    ADD CONSTRAINT auth_permission_pkey PRIMARY KEY (id);


--
-- TOC entry 5901 (class 2606 OID 19031)
-- Name: auth_user_groups auth_user_groups_pkey; Type: CONSTRAINT; Schema: public; Owner: postgres
--

ALTER TABLE ONLY public.auth_user_groups
    ADD CONSTRAINT auth_user_groups_pkey PRIMARY KEY (id);


--
-- TOC entry 5904 (class 2606 OID 19066)
-- Name: auth_user_groups auth_user_groups_user_id_group_id_94350c0c_uniq; Type: CONSTRAINT; Schema: public; Owner: postgres
--

ALTER TABLE ONLY public.auth_user_groups
    ADD CONSTRAINT auth_user_groups_user_id_group_id_94350c0c_uniq UNIQUE (user_id, group_id);


--
-- TOC entry 5895 (class 2606 OID 19020)
-- Name: auth_user auth_user_pkey; Type: CONSTRAINT; Schema: public; Owner: postgres
--

ALTER TABLE ONLY public.auth_user
    ADD CONSTRAINT auth_user_pkey PRIMARY KEY (id);


--
-- TOC entry 5907 (class 2606 OID 19040)
-- Name: auth_user_user_permissions auth_user_user_permissions_pkey; Type: CONSTRAINT; Schema: public; Owner: postgres
--

ALTER TABLE ONLY public.auth_user_user_permissions
    ADD CONSTRAINT auth_user_user_permissions_pkey PRIMARY KEY (id);


--
-- TOC entry 5910 (class 2606 OID 19080)
-- Name: auth_user_user_permissions auth_user_user_permissions_user_id_permission_id_14a6b632_uniq; Type: CONSTRAINT; Schema: public; Owner: postgres
--

ALTER TABLE ONLY public.auth_user_user_permissions
    ADD CONSTRAINT auth_user_user_permissions_user_id_permission_id_14a6b632_uniq UNIQUE (user_id, permission_id);


--
-- TOC entry 5898 (class 2606 OID 19123)
-- Name: auth_user auth_user_username_key; Type: CONSTRAINT; Schema: public; Owner: postgres
--

ALTER TABLE ONLY public.auth_user
    ADD CONSTRAINT auth_user_username_key UNIQUE (username);


--
-- TOC entry 5913 (class 2606 OID 19107)
-- Name: django_admin_log django_admin_log_pkey; Type: CONSTRAINT; Schema: public; Owner: postgres
--

ALTER TABLE ONLY public.django_admin_log
    ADD CONSTRAINT django_admin_log_pkey PRIMARY KEY (id);


--
-- TOC entry 5875 (class 2606 OID 18974)
-- Name: django_content_type django_content_type_app_label_model_76bd3d3b_uniq; Type: CONSTRAINT; Schema: public; Owner: postgres
--

ALTER TABLE ONLY public.django_content_type
    ADD CONSTRAINT django_content_type_app_label_model_76bd3d3b_uniq UNIQUE (app_label, model);


--
-- TOC entry 5877 (class 2606 OID 18972)
-- Name: django_content_type django_content_type_pkey; Type: CONSTRAINT; Schema: public; Owner: postgres
--

ALTER TABLE ONLY public.django_content_type
    ADD CONSTRAINT django_content_type_pkey PRIMARY KEY (id);


--
-- TOC entry 5873 (class 2606 OID 18962)
-- Name: django_migrations django_migrations_pkey; Type: CONSTRAINT; Schema: public; Owner: postgres
--

ALTER TABLE ONLY public.django_migrations
    ADD CONSTRAINT django_migrations_pkey PRIMARY KEY (id);


--
-- TOC entry 5917 (class 2606 OID 19143)
-- Name: django_session django_session_pkey; Type: CONSTRAINT; Schema: public; Owner: postgres
--

ALTER TABLE ONLY public.django_session
    ADD CONSTRAINT django_session_pkey PRIMARY KEY (session_key);


--
-- TOC entry 5950 (class 2606 OID 19258)
-- Name: map_app_danhgia map_app_danhgia_pkey; Type: CONSTRAINT; Schema: public; Owner: postgres
--

ALTER TABLE ONLY public.map_app_danhgia
    ADD CONSTRAINT map_app_danhgia_pkey PRIMARY KEY (id);


--
-- TOC entry 5946 (class 2606 OID 19244)
-- Name: map_app_dondatphong map_app_dondatphong_pkey; Type: CONSTRAINT; Schema: public; Owner: postgres
--

ALTER TABLE ONLY public.map_app_dondatphong
    ADD CONSTRAINT map_app_dondatphong_pkey PRIMARY KEY (id);


--
-- TOC entry 5942 (class 2606 OID 19229)
-- Name: map_app_hinhanhnhatro map_app_hinhanhnhatro_pkey; Type: CONSTRAINT; Schema: public; Owner: postgres
--

ALTER TABLE ONLY public.map_app_hinhanhnhatro
    ADD CONSTRAINT map_app_hinhanhnhatro_pkey PRIMARY KEY (id);


--
-- TOC entry 5938 (class 2606 OID 19220)
-- Name: map_app_hinhanhtintuc map_app_hinhanhtintuc_pkey; Type: CONSTRAINT; Schema: public; Owner: postgres
--

ALTER TABLE ONLY public.map_app_hinhanhtintuc
    ADD CONSTRAINT map_app_hinhanhtintuc_pkey PRIMARY KEY (id);


--
-- TOC entry 5956 (class 2606 OID 19371)
-- Name: map_app_hosochutro map_app_hosochutro_pkey; Type: CONSTRAINT; Schema: public; Owner: postgres
--

ALTER TABLE ONLY public.map_app_hosochutro
    ADD CONSTRAINT map_app_hosochutro_pkey PRIMARY KEY (id);


--
-- TOC entry 5958 (class 2606 OID 19373)
-- Name: map_app_hosochutro map_app_hosochutro_user_id_key; Type: CONSTRAINT; Schema: public; Owner: postgres
--

ALTER TABLE ONLY public.map_app_hosochutro
    ADD CONSTRAINT map_app_hosochutro_user_id_key UNIQUE (user_id);


--
-- TOC entry 5936 (class 2606 OID 19211)
-- Name: map_app_khieunai map_app_khieunai_pkey; Type: CONSTRAINT; Schema: public; Owner: postgres
--

ALTER TABLE ONLY public.map_app_khieunai
    ADD CONSTRAINT map_app_khieunai_pkey PRIMARY KEY (id);


--
-- TOC entry 5925 (class 2606 OID 19263)
-- Name: map_app_nhatro_favorites map_app_nhatro_favorites_nhatro_id_user_id_6c8df862_uniq; Type: CONSTRAINT; Schema: public; Owner: postgres
--

ALTER TABLE ONLY public.map_app_nhatro_favorites
    ADD CONSTRAINT map_app_nhatro_favorites_nhatro_id_user_id_6c8df862_uniq UNIQUE (nhatro_id, user_id);


--
-- TOC entry 5927 (class 2606 OID 19173)
-- Name: map_app_nhatro_favorites map_app_nhatro_favorites_pkey; Type: CONSTRAINT; Schema: public; Owner: postgres
--

ALTER TABLE ONLY public.map_app_nhatro_favorites
    ADD CONSTRAINT map_app_nhatro_favorites_pkey PRIMARY KEY (id);


--
-- TOC entry 5922 (class 2606 OID 19164)
-- Name: map_app_nhatro map_app_nhatro_pkey; Type: CONSTRAINT; Schema: public; Owner: postgres
--

ALTER TABLE ONLY public.map_app_nhatro
    ADD CONSTRAINT map_app_nhatro_pkey PRIMARY KEY (id);


--
-- TOC entry 5933 (class 2606 OID 19197)
-- Name: map_app_phongtro map_app_phongtro_pkey; Type: CONSTRAINT; Schema: public; Owner: postgres
--

ALTER TABLE ONLY public.map_app_phongtro
    ADD CONSTRAINT map_app_phongtro_pkey PRIMARY KEY (id);


--
-- TOC entry 5930 (class 2606 OID 19185)
-- Name: map_app_tintuc map_app_tintuc_pkey; Type: CONSTRAINT; Schema: public; Owner: postgres
--

ALTER TABLE ONLY public.map_app_tintuc
    ADD CONSTRAINT map_app_tintuc_pkey PRIMARY KEY (id);


--
-- TOC entry 5954 (class 2606 OID 19352)
-- Name: map_app_tranggioithieu map_app_tranggioithieu_pkey; Type: CONSTRAINT; Schema: public; Owner: postgres
--

ALTER TABLE ONLY public.map_app_tranggioithieu
    ADD CONSTRAINT map_app_tranggioithieu_pkey PRIMARY KEY (id);


--
-- TOC entry 5952 (class 2606 OID 19260)
-- Name: map_app_danhgia unique_review_per_user; Type: CONSTRAINT; Schema: public; Owner: postgres
--

ALTER TABLE ONLY public.map_app_danhgia
    ADD CONSTRAINT unique_review_per_user UNIQUE (nha_tro_id, nguoi_danh_gia_id);


--
-- TOC entry 5883 (class 1259 OID 19131)
-- Name: auth_group_name_a6ea08ec_like; Type: INDEX; Schema: public; Owner: postgres
--

CREATE INDEX auth_group_name_a6ea08ec_like ON public.auth_group USING btree (name varchar_pattern_ops);


--
-- TOC entry 5888 (class 1259 OID 19062)
-- Name: auth_group_permissions_group_id_b120cbf9; Type: INDEX; Schema: public; Owner: postgres
--

CREATE INDEX auth_group_permissions_group_id_b120cbf9 ON public.auth_group_permissions USING btree (group_id);


--
-- TOC entry 5891 (class 1259 OID 19063)
-- Name: auth_group_permissions_permission_id_84c5c92e; Type: INDEX; Schema: public; Owner: postgres
--

CREATE INDEX auth_group_permissions_permission_id_84c5c92e ON public.auth_group_permissions USING btree (permission_id);


--
-- TOC entry 5878 (class 1259 OID 19048)
-- Name: auth_permission_content_type_id_2f476e4b; Type: INDEX; Schema: public; Owner: postgres
--

CREATE INDEX auth_permission_content_type_id_2f476e4b ON public.auth_permission USING btree (content_type_id);


--
-- TOC entry 5899 (class 1259 OID 19078)
-- Name: auth_user_groups_group_id_97559544; Type: INDEX; Schema: public; Owner: postgres
--

CREATE INDEX auth_user_groups_group_id_97559544 ON public.auth_user_groups USING btree (group_id);


--
-- TOC entry 5902 (class 1259 OID 19077)
-- Name: auth_user_groups_user_id_6a12ed8b; Type: INDEX; Schema: public; Owner: postgres
--

CREATE INDEX auth_user_groups_user_id_6a12ed8b ON public.auth_user_groups USING btree (user_id);


--
-- TOC entry 5905 (class 1259 OID 19092)
-- Name: auth_user_user_permissions_permission_id_1fbb5f2c; Type: INDEX; Schema: public; Owner: postgres
--

CREATE INDEX auth_user_user_permissions_permission_id_1fbb5f2c ON public.auth_user_user_permissions USING btree (permission_id);


--
-- TOC entry 5908 (class 1259 OID 19091)
-- Name: auth_user_user_permissions_user_id_a95ead1b; Type: INDEX; Schema: public; Owner: postgres
--

CREATE INDEX auth_user_user_permissions_user_id_a95ead1b ON public.auth_user_user_permissions USING btree (user_id);


--
-- TOC entry 5896 (class 1259 OID 19124)
-- Name: auth_user_username_6821ab7c_like; Type: INDEX; Schema: public; Owner: postgres
--

CREATE INDEX auth_user_username_6821ab7c_like ON public.auth_user USING btree (username varchar_pattern_ops);


--
-- TOC entry 5911 (class 1259 OID 19118)
-- Name: django_admin_log_content_type_id_c4bce8eb; Type: INDEX; Schema: public; Owner: postgres
--

CREATE INDEX django_admin_log_content_type_id_c4bce8eb ON public.django_admin_log USING btree (content_type_id);


--
-- TOC entry 5914 (class 1259 OID 19119)
-- Name: django_admin_log_user_id_c564eba6; Type: INDEX; Schema: public; Owner: postgres
--

CREATE INDEX django_admin_log_user_id_c564eba6 ON public.django_admin_log USING btree (user_id);


--
-- TOC entry 5915 (class 1259 OID 19145)
-- Name: django_session_expire_date_a5c62663; Type: INDEX; Schema: public; Owner: postgres
--

CREATE INDEX django_session_expire_date_a5c62663 ON public.django_session USING btree (expire_date);


--
-- TOC entry 5918 (class 1259 OID 19144)
-- Name: django_session_session_key_c0390e0f_like; Type: INDEX; Schema: public; Owner: postgres
--

CREATE INDEX django_session_session_key_c0390e0f_like ON public.django_session USING btree (session_key varchar_pattern_ops);


--
-- TOC entry 5947 (class 1259 OID 19322)
-- Name: map_app_danhgia_nguoi_danh_gia_id_01b89b7c; Type: INDEX; Schema: public; Owner: postgres
--

CREATE INDEX map_app_danhgia_nguoi_danh_gia_id_01b89b7c ON public.map_app_danhgia USING btree (nguoi_danh_gia_id);


--
-- TOC entry 5948 (class 1259 OID 19323)
-- Name: map_app_danhgia_nha_tro_id_06f3584b; Type: INDEX; Schema: public; Owner: postgres
--

CREATE INDEX map_app_danhgia_nha_tro_id_06f3584b ON public.map_app_danhgia USING btree (nha_tro_id);


--
-- TOC entry 5943 (class 1259 OID 19310)
-- Name: map_app_dondatphong_nguoi_thue_id_fc6a0b6b; Type: INDEX; Schema: public; Owner: postgres
--

CREATE INDEX map_app_dondatphong_nguoi_thue_id_fc6a0b6b ON public.map_app_dondatphong USING btree (nguoi_thue_id);


--
-- TOC entry 5944 (class 1259 OID 19311)
-- Name: map_app_dondatphong_phong_id_142042e9; Type: INDEX; Schema: public; Owner: postgres
--

CREATE INDEX map_app_dondatphong_phong_id_142042e9 ON public.map_app_dondatphong USING btree (phong_id);


--
-- TOC entry 5940 (class 1259 OID 19299)
-- Name: map_app_hinhanhnhatro_nha_tro_id_4d4a5172; Type: INDEX; Schema: public; Owner: postgres
--

CREATE INDEX map_app_hinhanhnhatro_nha_tro_id_4d4a5172 ON public.map_app_hinhanhnhatro USING btree (nha_tro_id);


--
-- TOC entry 5939 (class 1259 OID 19293)
-- Name: map_app_hinhanhtintuc_tin_tuc_id_42add212; Type: INDEX; Schema: public; Owner: postgres
--

CREATE INDEX map_app_hinhanhtintuc_tin_tuc_id_42add212 ON public.map_app_hinhanhtintuc USING btree (tin_tuc_id);


--
-- TOC entry 5934 (class 1259 OID 19287)
-- Name: map_app_khieunai_nguoi_gui_id_38cdde47; Type: INDEX; Schema: public; Owner: postgres
--

CREATE INDEX map_app_khieunai_nguoi_gui_id_38cdde47 ON public.map_app_khieunai USING btree (nguoi_gui_id);


--
-- TOC entry 5923 (class 1259 OID 19274)
-- Name: map_app_nhatro_favorites_nhatro_id_56e3ce19; Type: INDEX; Schema: public; Owner: postgres
--

CREATE INDEX map_app_nhatro_favorites_nhatro_id_56e3ce19 ON public.map_app_nhatro_favorites USING btree (nhatro_id);


--
-- TOC entry 5928 (class 1259 OID 19275)
-- Name: map_app_nhatro_favorites_user_id_6bcd95a2; Type: INDEX; Schema: public; Owner: postgres
--

CREATE INDEX map_app_nhatro_favorites_user_id_6bcd95a2 ON public.map_app_nhatro_favorites USING btree (user_id);


--
-- TOC entry 5919 (class 1259 OID 19261)
-- Name: map_app_nhatro_location_177584c4_id; Type: INDEX; Schema: public; Owner: postgres
--

CREATE INDEX map_app_nhatro_location_177584c4_id ON public.map_app_nhatro USING gist (location);


--
-- TOC entry 5920 (class 1259 OID 19374)
-- Name: map_app_nhatro_owner_id_2a422f5a; Type: INDEX; Schema: public; Owner: postgres
--

CREATE INDEX map_app_nhatro_owner_id_2a422f5a ON public.map_app_nhatro USING btree (owner_id);


--
-- TOC entry 5931 (class 1259 OID 19281)
-- Name: map_app_phongtro_nha_tro_id_1d6620d0; Type: INDEX; Schema: public; Owner: postgres
--

CREATE INDEX map_app_phongtro_nha_tro_id_1d6620d0 ON public.map_app_phongtro USING btree (nha_tro_id);


--
-- TOC entry 5960 (class 2606 OID 19057)
-- Name: auth_group_permissions auth_group_permissio_permission_id_84c5c92e_fk_auth_perm; Type: FK CONSTRAINT; Schema: public; Owner: postgres
--

ALTER TABLE ONLY public.auth_group_permissions
    ADD CONSTRAINT auth_group_permissio_permission_id_84c5c92e_fk_auth_perm FOREIGN KEY (permission_id) REFERENCES public.auth_permission(id) DEFERRABLE INITIALLY DEFERRED;


--
-- TOC entry 5961 (class 2606 OID 19052)
-- Name: auth_group_permissions auth_group_permissions_group_id_b120cbf9_fk_auth_group_id; Type: FK CONSTRAINT; Schema: public; Owner: postgres
--

ALTER TABLE ONLY public.auth_group_permissions
    ADD CONSTRAINT auth_group_permissions_group_id_b120cbf9_fk_auth_group_id FOREIGN KEY (group_id) REFERENCES public.auth_group(id) DEFERRABLE INITIALLY DEFERRED;


--
-- TOC entry 5959 (class 2606 OID 19043)
-- Name: auth_permission auth_permission_content_type_id_2f476e4b_fk_django_co; Type: FK CONSTRAINT; Schema: public; Owner: postgres
--

ALTER TABLE ONLY public.auth_permission
    ADD CONSTRAINT auth_permission_content_type_id_2f476e4b_fk_django_co FOREIGN KEY (content_type_id) REFERENCES public.django_content_type(id) DEFERRABLE INITIALLY DEFERRED;


--
-- TOC entry 5962 (class 2606 OID 19072)
-- Name: auth_user_groups auth_user_groups_group_id_97559544_fk_auth_group_id; Type: FK CONSTRAINT; Schema: public; Owner: postgres
--

ALTER TABLE ONLY public.auth_user_groups
    ADD CONSTRAINT auth_user_groups_group_id_97559544_fk_auth_group_id FOREIGN KEY (group_id) REFERENCES public.auth_group(id) DEFERRABLE INITIALLY DEFERRED;


--
-- TOC entry 5963 (class 2606 OID 19067)
-- Name: auth_user_groups auth_user_groups_user_id_6a12ed8b_fk_auth_user_id; Type: FK CONSTRAINT; Schema: public; Owner: postgres
--

ALTER TABLE ONLY public.auth_user_groups
    ADD CONSTRAINT auth_user_groups_user_id_6a12ed8b_fk_auth_user_id FOREIGN KEY (user_id) REFERENCES public.auth_user(id) DEFERRABLE INITIALLY DEFERRED;


--
-- TOC entry 5964 (class 2606 OID 19086)
-- Name: auth_user_user_permissions auth_user_user_permi_permission_id_1fbb5f2c_fk_auth_perm; Type: FK CONSTRAINT; Schema: public; Owner: postgres
--

ALTER TABLE ONLY public.auth_user_user_permissions
    ADD CONSTRAINT auth_user_user_permi_permission_id_1fbb5f2c_fk_auth_perm FOREIGN KEY (permission_id) REFERENCES public.auth_permission(id) DEFERRABLE INITIALLY DEFERRED;


--
-- TOC entry 5965 (class 2606 OID 19081)
-- Name: auth_user_user_permissions auth_user_user_permissions_user_id_a95ead1b_fk_auth_user_id; Type: FK CONSTRAINT; Schema: public; Owner: postgres
--

ALTER TABLE ONLY public.auth_user_user_permissions
    ADD CONSTRAINT auth_user_user_permissions_user_id_a95ead1b_fk_auth_user_id FOREIGN KEY (user_id) REFERENCES public.auth_user(id) DEFERRABLE INITIALLY DEFERRED;


--
-- TOC entry 5966 (class 2606 OID 19108)
-- Name: django_admin_log django_admin_log_content_type_id_c4bce8eb_fk_django_co; Type: FK CONSTRAINT; Schema: public; Owner: postgres
--

ALTER TABLE ONLY public.django_admin_log
    ADD CONSTRAINT django_admin_log_content_type_id_c4bce8eb_fk_django_co FOREIGN KEY (content_type_id) REFERENCES public.django_content_type(id) DEFERRABLE INITIALLY DEFERRED;


--
-- TOC entry 5967 (class 2606 OID 19113)
-- Name: django_admin_log django_admin_log_user_id_c564eba6_fk_auth_user_id; Type: FK CONSTRAINT; Schema: public; Owner: postgres
--

ALTER TABLE ONLY public.django_admin_log
    ADD CONSTRAINT django_admin_log_user_id_c564eba6_fk_auth_user_id FOREIGN KEY (user_id) REFERENCES public.auth_user(id) DEFERRABLE INITIALLY DEFERRED;


--
-- TOC entry 5977 (class 2606 OID 19312)
-- Name: map_app_danhgia map_app_danhgia_nguoi_danh_gia_id_01b89b7c_fk_auth_user_id; Type: FK CONSTRAINT; Schema: public; Owner: postgres
--

ALTER TABLE ONLY public.map_app_danhgia
    ADD CONSTRAINT map_app_danhgia_nguoi_danh_gia_id_01b89b7c_fk_auth_user_id FOREIGN KEY (nguoi_danh_gia_id) REFERENCES public.auth_user(id) DEFERRABLE INITIALLY DEFERRED;


--
-- TOC entry 5978 (class 2606 OID 19317)
-- Name: map_app_danhgia map_app_danhgia_nha_tro_id_06f3584b_fk_map_app_nhatro_id; Type: FK CONSTRAINT; Schema: public; Owner: postgres
--

ALTER TABLE ONLY public.map_app_danhgia
    ADD CONSTRAINT map_app_danhgia_nha_tro_id_06f3584b_fk_map_app_nhatro_id FOREIGN KEY (nha_tro_id) REFERENCES public.map_app_nhatro(id) DEFERRABLE INITIALLY DEFERRED;


--
-- TOC entry 5975 (class 2606 OID 19300)
-- Name: map_app_dondatphong map_app_dondatphong_nguoi_thue_id_fc6a0b6b_fk_auth_user_id; Type: FK CONSTRAINT; Schema: public; Owner: postgres
--

ALTER TABLE ONLY public.map_app_dondatphong
    ADD CONSTRAINT map_app_dondatphong_nguoi_thue_id_fc6a0b6b_fk_auth_user_id FOREIGN KEY (nguoi_thue_id) REFERENCES public.auth_user(id) DEFERRABLE INITIALLY DEFERRED;


--
-- TOC entry 5976 (class 2606 OID 19305)
-- Name: map_app_dondatphong map_app_dondatphong_phong_id_142042e9_fk_map_app_phongtro_id; Type: FK CONSTRAINT; Schema: public; Owner: postgres
--

ALTER TABLE ONLY public.map_app_dondatphong
    ADD CONSTRAINT map_app_dondatphong_phong_id_142042e9_fk_map_app_phongtro_id FOREIGN KEY (phong_id) REFERENCES public.map_app_phongtro(id) DEFERRABLE INITIALLY DEFERRED;


--
-- TOC entry 5974 (class 2606 OID 19294)
-- Name: map_app_hinhanhnhatro map_app_hinhanhnhatro_nha_tro_id_4d4a5172_fk_map_app_nhatro_id; Type: FK CONSTRAINT; Schema: public; Owner: postgres
--

ALTER TABLE ONLY public.map_app_hinhanhnhatro
    ADD CONSTRAINT map_app_hinhanhnhatro_nha_tro_id_4d4a5172_fk_map_app_nhatro_id FOREIGN KEY (nha_tro_id) REFERENCES public.map_app_nhatro(id) DEFERRABLE INITIALLY DEFERRED;


--
-- TOC entry 5973 (class 2606 OID 19288)
-- Name: map_app_hinhanhtintuc map_app_hinhanhtintuc_tin_tuc_id_42add212_fk_map_app_tintuc_id; Type: FK CONSTRAINT; Schema: public; Owner: postgres
--

ALTER TABLE ONLY public.map_app_hinhanhtintuc
    ADD CONSTRAINT map_app_hinhanhtintuc_tin_tuc_id_42add212_fk_map_app_tintuc_id FOREIGN KEY (tin_tuc_id) REFERENCES public.map_app_tintuc(id) DEFERRABLE INITIALLY DEFERRED;


--
-- TOC entry 5979 (class 2606 OID 19375)
-- Name: map_app_hosochutro map_app_hosochutro_user_id_066ef77f_fk_auth_user_id; Type: FK CONSTRAINT; Schema: public; Owner: postgres
--

ALTER TABLE ONLY public.map_app_hosochutro
    ADD CONSTRAINT map_app_hosochutro_user_id_066ef77f_fk_auth_user_id FOREIGN KEY (user_id) REFERENCES public.auth_user(id) DEFERRABLE INITIALLY DEFERRED;


--
-- TOC entry 5972 (class 2606 OID 19282)
-- Name: map_app_khieunai map_app_khieunai_nguoi_gui_id_38cdde47_fk_auth_user_id; Type: FK CONSTRAINT; Schema: public; Owner: postgres
--

ALTER TABLE ONLY public.map_app_khieunai
    ADD CONSTRAINT map_app_khieunai_nguoi_gui_id_38cdde47_fk_auth_user_id FOREIGN KEY (nguoi_gui_id) REFERENCES public.auth_user(id) DEFERRABLE INITIALLY DEFERRED;


--
-- TOC entry 5969 (class 2606 OID 19264)
-- Name: map_app_nhatro_favorites map_app_nhatro_favor_nhatro_id_56e3ce19_fk_map_app_n; Type: FK CONSTRAINT; Schema: public; Owner: postgres
--

ALTER TABLE ONLY public.map_app_nhatro_favorites
    ADD CONSTRAINT map_app_nhatro_favor_nhatro_id_56e3ce19_fk_map_app_n FOREIGN KEY (nhatro_id) REFERENCES public.map_app_nhatro(id) DEFERRABLE INITIALLY DEFERRED;


--
-- TOC entry 5970 (class 2606 OID 19269)
-- Name: map_app_nhatro_favorites map_app_nhatro_favorites_user_id_6bcd95a2_fk_auth_user_id; Type: FK CONSTRAINT; Schema: public; Owner: postgres
--

ALTER TABLE ONLY public.map_app_nhatro_favorites
    ADD CONSTRAINT map_app_nhatro_favorites_user_id_6bcd95a2_fk_auth_user_id FOREIGN KEY (user_id) REFERENCES public.auth_user(id) DEFERRABLE INITIALLY DEFERRED;


--
-- TOC entry 5968 (class 2606 OID 19353)
-- Name: map_app_nhatro map_app_nhatro_owner_id_2a422f5a_fk_auth_user_id; Type: FK CONSTRAINT; Schema: public; Owner: postgres
--

ALTER TABLE ONLY public.map_app_nhatro
    ADD CONSTRAINT map_app_nhatro_owner_id_2a422f5a_fk_auth_user_id FOREIGN KEY (owner_id) REFERENCES public.auth_user(id) DEFERRABLE INITIALLY DEFERRED;


--
-- TOC entry 5971 (class 2606 OID 19276)
-- Name: map_app_phongtro map_app_phongtro_nha_tro_id_1d6620d0_fk_map_app_nhatro_id; Type: FK CONSTRAINT; Schema: public; Owner: postgres
--

ALTER TABLE ONLY public.map_app_phongtro
    ADD CONSTRAINT map_app_phongtro_nha_tro_id_1d6620d0_fk_map_app_nhatro_id FOREIGN KEY (nha_tro_id) REFERENCES public.map_app_nhatro(id) DEFERRABLE INITIALLY DEFERRED;


-- Completed on 2026-05-04 12:38:28

--
-- PostgreSQL database dump complete
--

\unrestrict r3L7nATEGbdlELTT9GsS6IqP9jGmW8cJ7hrZNPeGyHlts1qtQSrxDhd6a3jYQ0M

